{"Offset":0,"Total":18,"Results":[{"Periodo":"Q1","Regional":"Florencia","Municipio":"Florencia","Mes":"Octubre","Radicados":148,"DobleDeclaracion":0,"SuperoLimite":6,"NoAsisistioDosProgramaciones":5,"IncluyoPersonaDeOtroNucleo":0,"Extemporaneidad":3,"FueraDeLaCiudad":3,"NoEsDeplazado":0,"Masivo":0,"AtendidoPorOtraFuente":0,"Intraurbano":0,"CultivosIlicitos":0,"MotivosExclusion":[{"Id":4548,"Motivo":"No asistio a dos programaciones","Cantidad":5},{"Id":377,"Motivo":"Extemporaneidad","Cantidad":3},{"Id":1123,"Motivo":"Fuera de la ciudad","Cantidad":3},{"Id":4547,"Motivo":"Supero límite de 1 mes para contacto","Cantidad":6}],"Excluidos":17,"Elegibles":131,"AtendidosPrimeraEntregaEnElMesDeRadicacion":125,"AtendidosPrimeraEntregaEnMesesPosteriores":6,"AtendidosPrimeraEntregaRadicadosEnMesesAnteriores":0,"AtendidosPrimeraEntregaEnPeriodosPosteriores":0,"AtendidosPrimeraEntregaRadicadosEnPeriodosAnteriores":0,"TotalAtendidosEnPrimeraEntregaEnElMes":125,"TotalAtendidosEnPrimeraEntregaRadicadosEnElMes":131,"AtendidosEnSegundaEntrega":84,"PendientePorAplicarFiltros":0,"PendientePorProgramar":0,"PendienteNoContactado":0,"PendienteProgramadoProximoMes":0,"PendienteProgramadoQueNoAsistio":0,"TotalPendientesPorAtender":0,"SumaComprobacion":148,"PorcentajeAtendidos":1,"SumaDatosAtendidosEsIgual":true,"SumaDatosExlcuidosEsIgual":true,"SumaComprobacionEsIgual":true},{"Periodo":"Q1","Regional":"Florencia","Municipio":"Florencia","Mes":"Noviembre","Radicados":58,"DobleDeclaracion":0,"SuperoLimite":0,"NoAsisistioDosProgramaciones":0,"IncluyoPersonaDeOtroNucleo":0,"Extemporaneidad":0,"FueraDeLaCiudad":0,"NoEsDeplazado":0,"Masivo":0,"AtendidoPorOtraFuente":0,"Intraurbano":0,"CultivosIlicitos":0,"MotivosExclusion":[],"Excluidos":0,"Elegibles":58,"AtendidosPrimeraEntregaEnElMesDeRadicacion":57,"AtendidosPrimeraEntregaEnMesesPosteriores":1,"AtendidosPrimeraEntregaRadicadosEnMesesAnteriores":6,"AtendidosPrimeraEntregaEnPeriodosPosteriores":0,"AtendidosPrimeraEntregaRadicadosEnPeriodosAnteriores":0,"TotalAtendidosEnPrimeraEntregaEnElMes":63,"TotalAtendidosEnPrimeraEntregaRadicadosEnElMes":58,"AtendidosEnSegundaEntrega":61,"PendientePorAplicarFiltros":0,"PendientePorProgramar":0,"PendienteNoContactado":0,"PendienteProgramadoProximoMes":0,"PendienteProgramadoQueNoAsistio":0,"TotalPendientesPorAtender":0,"SumaComprobacion":58,"PorcentajeAtendidos":1,"SumaDatosAtendidosEsIgual":true,"SumaDatosExlcuidosEsIgual":true,"SumaComprobacionEsIgual":true},{"Periodo":"Q1","Regional":"Florencia","Municipio":"Florencia","Mes":"Diciembre","Radicados":91,"DobleDeclaracion":0,"SuperoLimite":0,"NoAsisistioDosProgramaciones":0,"IncluyoPersonaDeOtroNucleo":0,"Extemporaneidad":31,"FueraDeLaCiudad":1,"NoEsDeplazado":0,"Masivo":0,"AtendidoPorOtraFuente":0,"Intraurbano":0,"CultivosIlicitos":0,"MotivosExclusion":[{"Id":377,"Motivo":"Extemporaneidad","Cantidad":31},{"Id":1123,"Motivo":"Fuera de la ciudad","Cantidad":1}],"Excluidos":32,"Elegibles":59,"AtendidosPrimeraEntregaEnElMesDeRadicacion":59,"AtendidosPrimeraEntregaEnMesesPosteriores":0,"AtendidosPrimeraEntregaRadicadosEnMesesAnteriores":1,"AtendidosPrimeraEntregaEnPeriodosPosteriores":0,"AtendidosPrimeraEntregaRadicadosEnPeriodosAnteriores":0,"TotalAtendidosEnPrimeraEntregaEnElMes":60,"TotalAtendidosEnPrimeraEntregaRadicadosEnElMes":59,"AtendidosEnSegundaEntrega":54,"PendientePorAplicarFiltros":0,"PendientePorProgramar":0,"PendienteNoContactado":0,"PendienteProgramadoProximoMes":0,"PendienteProgramadoQueNoAsistio":0,"TotalPendientesPorAtender":0,"SumaComprobacion":91,"PorcentajeAtendidos":1,"SumaDatosAtendidosEsIgual":true,"SumaDatosExlcuidosEsIgual":true,"SumaComprobacionEsIgual":true},{"Periodo":"Q2","Regional":"Florencia","Municipio":"Florencia","Mes":"Enero","Radicados":36,"DobleDeclaracion":0,"SuperoLimite":0,"NoAsisistioDosProgramaciones":0,"IncluyoPersonaDeOtroNucleo":0,"Extemporaneidad":1,"FueraDeLaCiudad":0,"NoEsDeplazado":0,"Masivo":0,"AtendidoPorOtraFuente":0,"Intraurbano":0,"CultivosIlicitos":0,"MotivosExclusion":[{"Id":377,"Motivo":"Extemporaneidad","Cantidad":1}],"Excluidos":1,"Elegibles":35,"AtendidosPrimeraEntregaEnElMesDeRadicacion":34,"AtendidosPrimeraEntregaEnMesesPosteriores":1,"AtendidosPrimeraEntregaRadicadosEnMesesAnteriores":0,"AtendidosPrimeraEntregaEnPeriodosPosteriores":0,"AtendidosPrimeraEntregaRadicadosEnPeriodosAnteriores":0,"TotalAtendidosEnPrimeraEntregaEnElMes":34,"TotalAtendidosEnPrimeraEntregaRadicadosEnElMes":35,"AtendidosEnSegundaEntrega":47,"PendientePorAplicarFiltros":0,"PendientePorProgramar":0,"PendienteNoContactado":0,"PendienteProgramadoProximoMes":0,"PendienteProgramadoQueNoAsistio":0,"TotalPendientesPorAtender":0,"SumaComprobacion":36,"PorcentajeAtendidos":1,"SumaDatosAtendidosEsIgual":true,"SumaDatosExlcuidosEsIgual":true,"SumaComprobacionEsIgual":true},{"Periodo":"Q2","Regional":"Florencia","Municipio":"Florencia","Mes":"Febrero","Radicados":80,"DobleDeclaracion":0,"SuperoLimite":1,"NoAsisistioDosProgramaciones":1,"IncluyoPersonaDeOtroNucleo":0,"Extemporaneidad":19,"FueraDeLaCiudad":0,"NoEsDeplazado":0,"Masivo":0,"AtendidoPorOtraFuente":0,"Intraurbano":0,"CultivosIlicitos":0,"MotivosExclusion":[{"Id":377,"Motivo":"Extemporaneidad","Cantidad":19},{"Id":4547,"Motivo":"Supero límite de 1 mes para contacto","Cantidad":1},{"Id":4548,"Motivo":"No asistio a dos programaciones","Cantidad":1}],"Excluidos":21,"Elegibles":59,"AtendidosPrimeraEntregaEnElMesDeRadicacion":55,"AtendidosPrimeraEntregaEnMesesPosteriores":4,"AtendidosPrimeraEntregaRadicadosEnMesesAnteriores":1,"AtendidosPrimeraEntregaEnPeriodosPosteriores":0,"AtendidosPrimeraEntregaRadicadosEnPeriodosAnteriores":0,"TotalAtendidosEnPrimeraEntregaEnElMes":56,"TotalAtendidosEnPrimeraEntregaRadicadosEnElMes":59,"AtendidosEnSegundaEntrega":28,"PendientePorAplicarFiltros":0,"PendientePorProgramar":0,"PendienteNoContactado":0,"PendienteProgramadoProximoMes":0,"PendienteProgramadoQueNoAsistio":0,"TotalPendientesPorAtender":0,"SumaComprobacion":80,"PorcentajeAtendidos":1,"SumaDatosAtendidosEsIgual":true,"SumaDatosExlcuidosEsIgual":true,"SumaComprobacionEsIgual":true},{"Periodo":"Q2","Regional":"Florencia","Municipio":"Florencia","Mes":"Marzo","Radicados":108,"DobleDeclaracion":0,"SuperoLimite":1,"NoAsisistioDosProgramaciones":1,"IncluyoPersonaDeOtroNucleo":0,"Extemporaneidad":7,"FueraDeLaCiudad":4,"NoEsDeplazado":0,"Masivo":0,"AtendidoPorOtraFuente":0,"Intraurbano":0,"CultivosIlicitos":0,"MotivosExclusion":[{"Id":1123,"Motivo":"Fuera de la ciudad","Cantidad":4},{"Id":4548,"Motivo":"No asistio a dos programaciones","Cantidad":1},{"Id":377,"Motivo":"Extemporaneidad","Cantidad":7},{"Id":10,"Motivo":"No ubicados","Cantidad":1}],"Excluidos":13,"Elegibles":95,"AtendidosPrimeraEntregaEnElMesDeRadicacion":88,"AtendidosPrimeraEntregaEnMesesPosteriores":0,"AtendidosPrimeraEntregaRadicadosEnMesesAnteriores":4,"AtendidosPrimeraEntregaEnPeriodosPosteriores":7,"AtendidosPrimeraEntregaRadicadosEnPeriodosAnteriores":0,"TotalAtendidosEnPrimeraEntregaEnElMes":92,"TotalAtendidosEnPrimeraEntregaRadicadosEnElMes":95,"AtendidosEnSegundaEntrega":83,"PendientePorAplicarFiltros":0,"PendientePorProgramar":0,"PendienteNoContactado":0,"PendienteProgramadoProximoMes":0,"PendienteProgramadoQueNoAsistio":0,"TotalPendientesPorAtender":0,"SumaComprobacion":108,"PorcentajeAtendidos":1,"SumaDatosAtendidosEsIgual":true,"SumaDatosExlcuidosEsIgual":true,"SumaComprobacionEsIgual":true},{"Periodo":"Q3","Regional":"Florencia","Municipio":"Florencia","Mes":"Abril","Radicados":93,"DobleDeclaracion":0,"SuperoLimite":1,"NoAsisistioDosProgramaciones":0,"IncluyoPersonaDeOtroNucleo":0,"Extemporaneidad":12,"FueraDeLaCiudad":3,"NoEsDeplazado":0,"Masivo":0,"AtendidoPorOtraFuente":0,"Intraurbano":0,"CultivosIlicitos":0,"MotivosExclusion":[{"Id":1123,"Motivo":"Fuera de la ciudad","Cantidad":3},{"Id":4547,"Motivo":"Supero límite de 1 mes para contacto","Cantidad":1},{"Id":377,"Motivo":"Extemporaneidad","Cantidad":12}],"Excluidos":16,"Elegibles":77,"AtendidosPrimeraEntregaEnElMesDeRadicacion":70,"AtendidosPrimeraEntregaEnMesesPosteriores":7,"AtendidosPrimeraEntregaRadicadosEnMesesAnteriores":0,"AtendidosPrimeraEntregaEnPeriodosPosteriores":0,"AtendidosPrimeraEntregaRadicadosEnPeriodosAnteriores":7,"TotalAtendidosEnPrimeraEntregaEnElMes":77,"TotalAtendidosEnPrimeraEntregaRadicadosEnElMes":77,"AtendidosEnSegundaEntrega":96,"PendientePorAplicarFiltros":0,"PendientePorProgramar":0,"PendienteNoContactado":0,"PendienteProgramadoProximoMes":0,"PendienteProgramadoQueNoAsistio":0,"TotalPendientesPorAtender":0,"SumaComprobacion":93,"PorcentajeAtendidos":1,"SumaDatosAtendidosEsIgual":true,"SumaDatosExlcuidosEsIgual":true,"SumaComprobacionEsIgual":true},{"Periodo":"Q3","Regional":"Florencia","Municipio":"Florencia","Mes":"Mayo","Radicados":71,"DobleDeclaracion":0,"SuperoLimite":2,"NoAsisistioDosProgramaciones":3,"IncluyoPersonaDeOtroNucleo":0,"Extemporaneidad":10,"FueraDeLaCiudad":0,"NoEsDeplazado":0,"Masivo":0,"AtendidoPorOtraFuente":0,"Intraurbano":0,"CultivosIlicitos":0,"MotivosExclusion":[{"Id":4548,"Motivo":"No asistio a dos programaciones","Cantidad":3},{"Id":4547,"Motivo":"Supero límite de 1 mes para contacto","Cantidad":2},{"Id":377,"Motivo":"Extemporaneidad","Cantidad":10}],"Excluidos":15,"Elegibles":56,"AtendidosPrimeraEntregaEnElMesDeRadicacion":38,"AtendidosPrimeraEntregaEnMesesPosteriores":18,"AtendidosPrimeraEntregaRadicadosEnMesesAnteriores":7,"AtendidosPrimeraEntregaEnPeriodosPosteriores":0,"AtendidosPrimeraEntregaRadicadosEnPeriodosAnteriores":0,"TotalAtendidosEnPrimeraEntregaEnElMes":45,"TotalAtendidosEnPrimeraEntregaRadicadosEnElMes":56,"AtendidosEnSegundaEntrega":51,"PendientePorAplicarFiltros":0,"PendientePorProgramar":0,"PendienteNoContactado":0,"PendienteProgramadoProximoMes":0,"PendienteProgramadoQueNoAsistio":0,"TotalPendientesPorAtender":0,"SumaComprobacion":71,"PorcentajeAtendidos":1,"SumaDatosAtendidosEsIgual":true,"SumaDatosExlcuidosEsIgual":true,"SumaComprobacionEsIgual":true},{"Periodo":"Q3","Regional":"Florencia","Municipio":"Florencia","Mes":"Junio","Radicados":36,"DobleDeclaracion":0,"SuperoLimite":0,"NoAsisistioDosProgramaciones":0,"IncluyoPersonaDeOtroNucleo":0,"Extemporaneidad":5,"FueraDeLaCiudad":0,"NoEsDeplazado":0,"Masivo":0,"AtendidoPorOtraFuente":0,"Intraurbano":0,"CultivosIlicitos":0,"MotivosExclusion":[{"Id":377,"Motivo":"Extemporaneidad","Cantidad":5}],"Excluidos":5,"Elegibles":31,"AtendidosPrimeraEntregaEnElMesDeRadicacion":29,"AtendidosPrimeraEntregaEnMesesPosteriores":0,"AtendidosPrimeraEntregaRadicadosEnMesesAnteriores":18,"AtendidosPrimeraEntregaEnPeriodosPosteriores":0,"AtendidosPrimeraEntregaRadicadosEnPeriodosAnteriores":0,"TotalAtendidosEnPrimeraEntregaEnElMes":47,"TotalAtendidosEnPrimeraEntregaRadicadosEnElMes":29,"AtendidosEnSegundaEntrega":59,"PendientePorAplicarFiltros":0,"PendientePorProgramar":0,"PendienteNoContactado":2,"PendienteProgramadoProximoMes":0,"PendienteProgramadoQueNoAsistio":0,"TotalPendientesPorAtender":2,"SumaComprobacion":36,"PorcentajeAtendidos":0.935483870967742,"SumaDatosAtendidosEsIgual":true,"SumaDatosExlcuidosEsIgual":true,"SumaComprobacionEsIgual":true},{"Periodo":"Q1","Regional":"Popayán","Municipio":"Popayán","Mes":"Octubre","Radicados":317,"DobleDeclaracion":0,"SuperoLimite":40,"NoAsisistioDosProgramaciones":1,"IncluyoPersonaDeOtroNucleo":0,"Extemporaneidad":96,"FueraDeLaCiudad":11,"NoEsDeplazado":3,"Masivo":0,"AtendidoPorOtraFuente":0,"Intraurbano":0,"CultivosIlicitos":0,"MotivosExclusion":[{"Id":1123,"Motivo":"Fuera de la ciudad","Cantidad":11},{"Id":4547,"Motivo":"Supero límite de 1 mes para contacto","Cantidad":40},{"Id":377,"Motivo":"Extemporaneidad","Cantidad":96},{"Id":4548,"Motivo":"No asistio a dos programaciones","Cantidad":1},{"Id":12,"Motivo":"No es desplazado","Cantidad":3}],"Excluidos":151,"Elegibles":166,"AtendidosPrimeraEntregaEnElMesDeRadicacion":154,"AtendidosPrimeraEntregaEnMesesPosteriores":12,"AtendidosPrimeraEntregaRadicadosEnMesesAnteriores":0,"AtendidosPrimeraEntregaEnPeriodosPosteriores":0,"AtendidosPrimeraEntregaRadicadosEnPeriodosAnteriores":0,"TotalAtendidosEnPrimeraEntregaEnElMes":154,"TotalAtendidosEnPrimeraEntregaRadicadosEnElMes":166,"AtendidosEnSegundaEntrega":89,"PendientePorAplicarFiltros":0,"PendientePorProgramar":0,"PendienteNoContactado":0,"PendienteProgramadoProximoMes":0,"PendienteProgramadoQueNoAsistio":0,"TotalPendientesPorAtender":0,"SumaComprobacion":317,"PorcentajeAtendidos":1,"SumaDatosAtendidosEsIgual":true,"SumaDatosExlcuidosEsIgual":true,"SumaComprobacionEsIgual":true},{"Periodo":"Q1","Regional":"Popayán","Municipio":"Popayán","Mes":"Noviembre","Radicados":108,"DobleDeclaracion":0,"SuperoLimite":8,"NoAsisistioDosProgramaciones":0,"IncluyoPersonaDeOtroNucleo":0,"Extemporaneidad":44,"FueraDeLaCiudad":4,"NoEsDeplazado":0,"Masivo":0,"AtendidoPorOtraFuente":0,"Intraurbano":0,"CultivosIlicitos":0,"MotivosExclusion":[{"Id":1123,"Motivo":"Fuera de la ciudad","Cantidad":4},{"Id":4547,"Motivo":"Supero límite de 1 mes para contacto","Cantidad":8},{"Id":377,"Motivo":"Extemporaneidad","Cantidad":44}],"Excluidos":56,"Elegibles":52,"AtendidosPrimeraEntregaEnElMesDeRadicacion":43,"AtendidosPrimeraEntregaEnMesesPosteriores":9,"AtendidosPrimeraEntregaRadicadosEnMesesAnteriores":12,"AtendidosPrimeraEntregaEnPeriodosPosteriores":0,"AtendidosPrimeraEntregaRadicadosEnPeriodosAnteriores":0,"TotalAtendidosEnPrimeraEntregaEnElMes":55,"TotalAtendidosEnPrimeraEntregaRadicadosEnElMes":52,"AtendidosEnSegundaEntrega":93,"PendientePorAplicarFiltros":0,"PendientePorProgramar":0,"PendienteNoContactado":0,"PendienteProgramadoProximoMes":0,"PendienteProgramadoQueNoAsistio":0,"TotalPendientesPorAtender":0,"SumaComprobacion":108,"PorcentajeAtendidos":1,"SumaDatosAtendidosEsIgual":true,"SumaDatosExlcuidosEsIgual":true,"SumaComprobacionEsIgual":true},{"Periodo":"Q1","Regional":"Popayán","Municipio":"Popayán","Mes":"Diciembre","Radicados":126,"DobleDeclaracion":0,"SuperoLimite":5,"NoAsisistioDosProgramaciones":1,"IncluyoPersonaDeOtroNucleo":0,"Extemporaneidad":43,"FueraDeLaCiudad":3,"NoEsDeplazado":0,"Masivo":0,"AtendidoPorOtraFuente":0,"Intraurbano":0,"CultivosIlicitos":0,"MotivosExclusion":[{"Id":377,"Motivo":"Extemporaneidad","Cantidad":43},{"Id":4547,"Motivo":"Supero límite de 1 mes para contacto","Cantidad":5},{"Id":4548,"Motivo":"No asistio a dos programaciones","Cantidad":1},{"Id":1123,"Motivo":"Fuera de la ciudad","Cantidad":3}],"Excluidos":52,"Elegibles":74,"AtendidosPrimeraEntregaEnElMesDeRadicacion":54,"AtendidosPrimeraEntregaEnMesesPosteriores":0,"AtendidosPrimeraEntregaRadicadosEnMesesAnteriores":9,"AtendidosPrimeraEntregaEnPeriodosPosteriores":20,"AtendidosPrimeraEntregaRadicadosEnPeriodosAnteriores":0,"TotalAtendidosEnPrimeraEntregaEnElMes":63,"TotalAtendidosEnPrimeraEntregaRadicadosEnElMes":74,"AtendidosEnSegundaEntrega":53,"PendientePorAplicarFiltros":0,"PendientePorProgramar":0,"PendienteNoContactado":0,"PendienteProgramadoProximoMes":0,"PendienteProgramadoQueNoAsistio":0,"TotalPendientesPorAtender":0,"SumaComprobacion":126,"PorcentajeAtendidos":1,"SumaDatosAtendidosEsIgual":true,"SumaDatosExlcuidosEsIgual":true,"SumaComprobacionEsIgual":true},{"Periodo":"Q2","Regional":"Popayán","Municipio":"Popayán","Mes":"Enero","Radicados":80,"DobleDeclaracion":0,"SuperoLimite":1,"NoAsisistioDosProgramaciones":0,"IncluyoPersonaDeOtroNucleo":0,"Extemporaneidad":26,"FueraDeLaCiudad":1,"NoEsDeplazado":0,"Masivo":0,"AtendidoPorOtraFuente":0,"Intraurbano":0,"CultivosIlicitos":0,"MotivosExclusion":[{"Id":377,"Motivo":"Extemporaneidad","Cantidad":26},{"Id":4547,"Motivo":"Supero límite de 1 mes para contacto","Cantidad":1},{"Id":1123,"Motivo":"Fuera de la ciudad","Cantidad":1}],"Excluidos":28,"Elegibles":52,"AtendidosPrimeraEntregaEnElMesDeRadicacion":46,"AtendidosPrimeraEntregaEnMesesPosteriores":6,"AtendidosPrimeraEntregaRadicadosEnMesesAnteriores":0,"AtendidosPrimeraEntregaEnPeriodosPosteriores":0,"AtendidosPrimeraEntregaRadicadosEnPeriodosAnteriores":20,"TotalAtendidosEnPrimeraEntregaEnElMes":66,"TotalAtendidosEnPrimeraEntregaRadicadosEnElMes":52,"AtendidosEnSegundaEntrega":61,"PendientePorAplicarFiltros":0,"PendientePorProgramar":0,"PendienteNoContactado":0,"PendienteProgramadoProximoMes":0,"PendienteProgramadoQueNoAsistio":0,"TotalPendientesPorAtender":0,"SumaComprobacion":80,"PorcentajeAtendidos":1,"SumaDatosAtendidosEsIgual":true,"SumaDatosExlcuidosEsIgual":true,"SumaComprobacionEsIgual":true},{"Periodo":"Q2","Regional":"Popayán","Municipio":"Popayán","Mes":"Febrero","Radicados":130,"DobleDeclaracion":0,"SuperoLimite":3,"NoAsisistioDosProgramaciones":0,"IncluyoPersonaDeOtroNucleo":0,"Extemporaneidad":36,"FueraDeLaCiudad":3,"NoEsDeplazado":0,"Masivo":0,"AtendidoPorOtraFuente":0,"Intraurbano":0,"CultivosIlicitos":0,"MotivosExclusion":[{"Id":1123,"Motivo":"Fuera de la ciudad","Cantidad":3},{"Id":377,"Motivo":"Extemporaneidad","Cantidad":36},{"Id":4547,"Motivo":"Supero límite de 1 mes para contacto","Cantidad":3}],"Excluidos":42,"Elegibles":88,"AtendidosPrimeraEntregaEnElMesDeRadicacion":76,"AtendidosPrimeraEntregaEnMesesPosteriores":12,"AtendidosPrimeraEntregaRadicadosEnMesesAnteriores":6,"AtendidosPrimeraEntregaEnPeriodosPosteriores":0,"AtendidosPrimeraEntregaRadicadosEnPeriodosAnteriores":0,"TotalAtendidosEnPrimeraEntregaEnElMes":82,"TotalAtendidosEnPrimeraEntregaRadicadosEnElMes":88,"AtendidosEnSegundaEntrega":83,"PendientePorAplicarFiltros":0,"PendientePorProgramar":0,"PendienteNoContactado":0,"PendienteProgramadoProximoMes":0,"PendienteProgramadoQueNoAsistio":0,"TotalPendientesPorAtender":0,"SumaComprobacion":130,"PorcentajeAtendidos":1,"SumaDatosAtendidosEsIgual":true,"SumaDatosExlcuidosEsIgual":true,"SumaComprobacionEsIgual":true},{"Periodo":"Q2","Regional":"Popayán","Municipio":"Popayán","Mes":"Marzo","Radicados":170,"DobleDeclaracion":1,"SuperoLimite":4,"NoAsisistioDosProgramaciones":0,"IncluyoPersonaDeOtroNucleo":0,"Extemporaneidad":58,"FueraDeLaCiudad":6,"NoEsDeplazado":0,"Masivo":0,"AtendidoPorOtraFuente":0,"Intraurbano":0,"CultivosIlicitos":0,"MotivosExclusion":[{"Id":377,"Motivo":"Extemporaneidad","Cantidad":58},{"Id":4547,"Motivo":"Supero límite de 1 mes para contacto","Cantidad":4},{"Id":1123,"Motivo":"Fuera de la ciudad","Cantidad":6},{"Id":376,"Motivo":"Doble declaración","Cantidad":1}],"Excluidos":69,"Elegibles":101,"AtendidosPrimeraEntregaEnElMesDeRadicacion":86,"AtendidosPrimeraEntregaEnMesesPosteriores":0,"AtendidosPrimeraEntregaRadicadosEnMesesAnteriores":12,"AtendidosPrimeraEntregaEnPeriodosPosteriores":15,"AtendidosPrimeraEntregaRadicadosEnPeriodosAnteriores":0,"TotalAtendidosEnPrimeraEntregaEnElMes":98,"TotalAtendidosEnPrimeraEntregaRadicadosEnElMes":101,"AtendidosEnSegundaEntrega":86,"PendientePorAplicarFiltros":0,"PendientePorProgramar":0,"PendienteNoContactado":0,"PendienteProgramadoProximoMes":0,"PendienteProgramadoQueNoAsistio":0,"TotalPendientesPorAtender":0,"SumaComprobacion":170,"PorcentajeAtendidos":1,"SumaDatosAtendidosEsIgual":true,"SumaDatosExlcuidosEsIgual":true,"SumaComprobacionEsIgual":true},{"Periodo":"Q3","Regional":"Popayán","Municipio":"Popayán","Mes":"Abril","Radicados":129,"DobleDeclaracion":0,"SuperoLimite":8,"NoAsisistioDosProgramaciones":0,"IncluyoPersonaDeOtroNucleo":0,"Extemporaneidad":49,"FueraDeLaCiudad":2,"NoEsDeplazado":0,"Masivo":0,"AtendidoPorOtraFuente":0,"Intraurbano":0,"CultivosIlicitos":0,"MotivosExclusion":[{"Id":4547,"Motivo":"Supero límite de 1 mes para contacto","Cantidad":8},{"Id":377,"Motivo":"Extemporaneidad","Cantidad":49},{"Id":1123,"Motivo":"Fuera de la ciudad","Cantidad":2}],"Excluidos":59,"Elegibles":70,"AtendidosPrimeraEntregaEnElMesDeRadicacion":53,"AtendidosPrimeraEntregaEnMesesPosteriores":17,"AtendidosPrimeraEntregaRadicadosEnMesesAnteriores":0,"AtendidosPrimeraEntregaEnPeriodosPosteriores":0,"AtendidosPrimeraEntregaRadicadosEnPeriodosAnteriores":15,"TotalAtendidosEnPrimeraEntregaEnElMes":68,"TotalAtendidosEnPrimeraEntregaRadicadosEnElMes":70,"AtendidosEnSegundaEntrega":48,"PendientePorAplicarFiltros":0,"PendientePorProgramar":0,"PendienteNoContactado":0,"PendienteProgramadoProximoMes":0,"PendienteProgramadoQueNoAsistio":0,"TotalPendientesPorAtender":0,"SumaComprobacion":129,"PorcentajeAtendidos":1,"SumaDatosAtendidosEsIgual":true,"SumaDatosExlcuidosEsIgual":true,"SumaComprobacionEsIgual":true},{"Periodo":"Q3","Regional":"Popayán","Municipio":"Popayán","Mes":"Mayo","Radicados":90,"DobleDeclaracion":1,"SuperoLimite":3,"NoAsisistioDosProgramaciones":0,"IncluyoPersonaDeOtroNucleo":0,"Extemporaneidad":43,"FueraDeLaCiudad":2,"NoEsDeplazado":0,"Masivo":0,"AtendidoPorOtraFuente":0,"Intraurbano":0,"CultivosIlicitos":0,"MotivosExclusion":[{"Id":4547,"Motivo":"Supero límite de 1 mes para contacto","Cantidad":3},{"Id":1123,"Motivo":"Fuera de la ciudad","Cantidad":2},{"Id":377,"Motivo":"Extemporaneidad","Cantidad":43},{"Id":376,"Motivo":"Doble declaración","Cantidad":1}],"Excluidos":49,"Elegibles":41,"AtendidosPrimeraEntregaEnElMesDeRadicacion":38,"AtendidosPrimeraEntregaEnMesesPosteriores":3,"AtendidosPrimeraEntregaRadicadosEnMesesAnteriores":17,"AtendidosPrimeraEntregaEnPeriodosPosteriores":0,"AtendidosPrimeraEntregaRadicadosEnPeriodosAnteriores":0,"TotalAtendidosEnPrimeraEntregaEnElMes":55,"TotalAtendidosEnPrimeraEntregaRadicadosEnElMes":41,"AtendidosEnSegundaEntrega":79,"PendientePorAplicarFiltros":0,"PendientePorProgramar":0,"PendienteNoContactado":0,"PendienteProgramadoProximoMes":0,"PendienteProgramadoQueNoAsistio":0,"TotalPendientesPorAtender":0,"SumaComprobacion":90,"PorcentajeAtendidos":1,"SumaDatosAtendidosEsIgual":true,"SumaDatosExlcuidosEsIgual":true,"SumaComprobacionEsIgual":true},{"Periodo":"Q3","Regional":"Popayán","Municipio":"Popayán","Mes":"Junio","Radicados":66,"DobleDeclaracion":0,"SuperoLimite":0,"NoAsisistioDosProgramaciones":0,"IncluyoPersonaDeOtroNucleo":0,"Extemporaneidad":22,"FueraDeLaCiudad":2,"NoEsDeplazado":0,"Masivo":0,"AtendidoPorOtraFuente":0,"Intraurbano":0,"CultivosIlicitos":0,"MotivosExclusion":[{"Id":377,"Motivo":"Extemporaneidad","Cantidad":22},{"Id":1123,"Motivo":"Fuera de la ciudad","Cantidad":2}],"Excluidos":24,"Elegibles":42,"AtendidosPrimeraEntregaEnElMesDeRadicacion":30,"AtendidosPrimeraEntregaEnMesesPosteriores":0,"AtendidosPrimeraEntregaRadicadosEnMesesAnteriores":3,"AtendidosPrimeraEntregaEnPeriodosPosteriores":0,"AtendidosPrimeraEntregaRadicadosEnPeriodosAnteriores":0,"TotalAtendidosEnPrimeraEntregaEnElMes":33,"TotalAtendidosEnPrimeraEntregaRadicadosEnElMes":30,"AtendidosEnSegundaEntrega":54,"PendientePorAplicarFiltros":0,"PendientePorProgramar":0,"PendienteNoContactado":12,"PendienteProgramadoProximoMes":0,"PendienteProgramadoQueNoAsistio":0,"TotalPendientesPorAtender":12,"SumaComprobacion":66,"PorcentajeAtendidos":0.714285714285714,"SumaDatosAtendidosEsIgual":true,"SumaDatosExlcuidosEsIgual":true,"SumaComprobacionEsIgual":true}],"Meta":{"Regionales":"[{\"Nombre\":\"Florencia\",\"Municipios\":[{\"Nombre\":\"Florencia\",\"Periodos\":[{\"Regional\":\"Florencia\",\"Municipio\":\"Florencia\",\"Nombre\":\"Q1\",\"Data\":[0,1,2]},{\"Regional\":\"Florencia\",\"Municipio\":\"Florencia\",\"Nombre\":\"Q2\",\"Data\":[3,4,5]},{\"Regional\":\"Florencia\",\"Municipio\":\"Florencia\",\"Nombre\":\"Q3\",\"Data\":[6,7,8]}]}]},{\"Nombre\":\"Popayán\",\"Municipios\":[{\"Nombre\":\"Popayán\",\"Periodos\":[{\"Regional\":\"Popayán\",\"Municipio\":\"Popayán\",\"Nombre\":\"Q1\",\"Data\":[9,10,11]},{\"Regional\":\"Popayán\",\"Municipio\":\"Popayán\",\"Nombre\":\"Q2\",\"Data\":[12,13,14]},{\"Regional\":\"Popayán\",\"Municipio\":\"Popayán\",\"Nombre\":\"Q3\",\"Data\":[15,16,17]}]}]}]","Periodos":"[{\"Nombre\":\"Q1\",\"Meses\":[{\"Periodo\":\"Q1\",\"Nombre\":\"Octubre\",\"Regionales\":[{\"Periodo\":\"Q1\",\"Mes\":\"Octubre\",\"Nombre\":\"Florencia\",\"Data\":[0]},{\"Periodo\":\"Q1\",\"Mes\":\"Octubre\",\"Nombre\":\"Popayán\",\"Data\":[9]}]},{\"Periodo\":\"Q1\",\"Nombre\":\"Noviembre\",\"Regionales\":[{\"Periodo\":\"Q1\",\"Mes\":\"Noviembre\",\"Nombre\":\"Florencia\",\"Data\":[1]},{\"Periodo\":\"Q1\",\"Mes\":\"Noviembre\",\"Nombre\":\"Popayán\",\"Data\":[10]}]},{\"Periodo\":\"Q1\",\"Nombre\":\"Diciembre\",\"Regionales\":[{\"Periodo\":\"Q1\",\"Mes\":\"Diciembre\",\"Nombre\":\"Florencia\",\"Data\":[2]},{\"Periodo\":\"Q1\",\"Mes\":\"Diciembre\",\"Nombre\":\"Popayán\",\"Data\":[11]}]}]},{\"Nombre\":\"Q2\",\"Meses\":[{\"Periodo\":\"Q2\",\"Nombre\":\"Enero\",\"Regionales\":[{\"Periodo\":\"Q2\",\"Mes\":\"Enero\",\"Nombre\":\"Florencia\",\"Data\":[3]},{\"Periodo\":\"Q2\",\"Mes\":\"Enero\",\"Nombre\":\"Popayán\",\"Data\":[12]}]},{\"Periodo\":\"Q2\",\"Nombre\":\"Febrero\",\"Regionales\":[{\"Periodo\":\"Q2\",\"Mes\":\"Febrero\",\"Nombre\":\"Florencia\",\"Data\":[4]},{\"Periodo\":\"Q2\",\"Mes\":\"Febrero\",\"Nombre\":\"Popayán\",\"Data\":[13]}]},{\"Periodo\":\"Q2\",\"Nombre\":\"Marzo\",\"Regionales\":[{\"Periodo\":\"Q2\",\"Mes\":\"Marzo\",\"Nombre\":\"Florencia\",\"Data\":[5]},{\"Periodo\":\"Q2\",\"Mes\":\"Marzo\",\"Nombre\":\"Popayán\",\"Data\":[14]}]}]},{\"Nombre\":\"Q3\",\"Meses\":[{\"Periodo\":\"Q3\",\"Nombre\":\"Abril\",\"Regionales\":[{\"Periodo\":\"Q3\",\"Mes\":\"Abril\",\"Nombre\":\"Florencia\",\"Data\":[6]},{\"Periodo\":\"Q3\",\"Mes\":\"Abril\",\"Nombre\":\"Popayán\",\"Data\":[15]}]},{\"Periodo\":\"Q3\",\"Nombre\":\"Mayo\",\"Regionales\":[{\"Periodo\":\"Q3\",\"Mes\":\"Mayo\",\"Nombre\":\"Florencia\",\"Data\":[7]},{\"Periodo\":\"Q3\",\"Mes\":\"Mayo\",\"Nombre\":\"Popayán\",\"Data\":[16]}]},{\"Periodo\":\"Q3\",\"Nombre\":\"Junio\",\"Regionales\":[{\"Periodo\":\"Q3\",\"Mes\":\"Junio\",\"Nombre\":\"Florencia\",\"Data\":[8]},{\"Periodo\":\"Q3\",\"Mes\":\"Junio\",\"Nombre\":\"Popayán\",\"Data\":[17]}]}]}]","Municipios":"[{\"Nombre\":\"Florencia\",\"Periodos\":[{\"Municipio\":\"Florencia\",\"Nombre\":\"Q1\",\"Meses\":[{\"Municipio\":\"Florencia\",\"Periodo\":\"Q1\",\"Nombre\":\"Octubre\",\"Data\":[0]},{\"Municipio\":\"Florencia\",\"Periodo\":\"Q1\",\"Nombre\":\"Noviembre\",\"Data\":[1]},{\"Municipio\":\"Florencia\",\"Periodo\":\"Q1\",\"Nombre\":\"Diciembre\",\"Data\":[2]}]},{\"Municipio\":\"Florencia\",\"Nombre\":\"Q2\",\"Meses\":[{\"Municipio\":\"Florencia\",\"Periodo\":\"Q2\",\"Nombre\":\"Enero\",\"Data\":[3]},{\"Municipio\":\"Florencia\",\"Periodo\":\"Q2\",\"Nombre\":\"Febrero\",\"Data\":[4]},{\"Municipio\":\"Florencia\",\"Periodo\":\"Q2\",\"Nombre\":\"Marzo\",\"Data\":[5]}]},{\"Municipio\":\"Florencia\",\"Nombre\":\"Q3\",\"Meses\":[{\"Municipio\":\"Florencia\",\"Periodo\":\"Q3\",\"Nombre\":\"Abril\",\"Data\":[6]},{\"Municipio\":\"Florencia\",\"Periodo\":\"Q3\",\"Nombre\":\"Mayo\",\"Data\":[7]},{\"Municipio\":\"Florencia\",\"Periodo\":\"Q3\",\"Nombre\":\"Junio\",\"Data\":[8]}]}]},{\"Nombre\":\"Popayán\",\"Periodos\":[{\"Municipio\":\"Popayán\",\"Nombre\":\"Q1\",\"Meses\":[{\"Municipio\":\"Popayán\",\"Periodo\":\"Q1\",\"Nombre\":\"Octubre\",\"Data\":[9]},{\"Municipio\":\"Popayán\",\"Periodo\":\"Q1\",\"Nombre\":\"Noviembre\",\"Data\":[10]},{\"Municipio\":\"Popayán\",\"Periodo\":\"Q1\",\"Nombre\":\"Diciembre\",\"Data\":[11]}]},{\"Municipio\":\"Popayán\",\"Nombre\":\"Q2\",\"Meses\":[{\"Municipio\":\"Popayán\",\"Periodo\":\"Q2\",\"Nombre\":\"Enero\",\"Data\":[12]},{\"Municipio\":\"Popayán\",\"Periodo\":\"Q2\",\"Nombre\":\"Febrero\",\"Data\":[13]},{\"Municipio\":\"Popayán\",\"Periodo\":\"Q2\",\"Nombre\":\"Marzo\",\"Data\":[14]}]},{\"Municipio\":\"Popayán\",\"Nombre\":\"Q3\",\"Meses\":[{\"Municipio\":\"Popayán\",\"Periodo\":\"Q3\",\"Nombre\":\"Abril\",\"Data\":[15]},{\"Municipio\":\"Popayán\",\"Periodo\":\"Q3\",\"Nombre\":\"Mayo\",\"Data\":[16]},{\"Municipio\":\"Popayán\",\"Periodo\":\"Q3\",\"Nombre\":\"Junio\",\"Data\":[17]}]}]}]"}}