{"Offset":0,"Total":20,"Results":[{"Elegibilidad":"No","FechaElegibilidad":"\/Date(1443675600000-0500)\/","Contactado":"Si","FechaContactado":"\/Date(1441602000000-0500)\/","Atendido":"No","MotivoNoAtencion":"Fuera de la ciudad","MotivoNoAtencionId":1123,"Id":47133,"FechaRadicacion":"\/Date(1443675600000-0500)\/","FechaDesplazamiento":"\/Date(1436245200000-0500)\/","FechaDeclaracion":"\/Date(1438059600000-0500)\/","Horario":"TD","Fuente":"Personería","Regional":"Popayán","MunicipioAtencion":"Popayán","EnLinea":"No","TipoDeclarante":"Desplazado","PrimerApellido":"ZUÑIGA ","SegundoApellido":" MAYORGA","PrimerNombre":"CARLOS","SegundoNombre":"ARTURO","Identificacion":"4626902","TI":"Cédula de ciudadanía","Celular":"3117326945","Direccion":"LAS VEGAS CARRERA 22 No. 04","TFE":3},{"Elegibilidad":"No","FechaElegibilidad":"\/Date(1443675600000-0500)\/","Contactado":"No","FechaContactado":"\/Date(1443675600000-0500)\/","Atendido":"No","MotivoNoAtencion":"Supero límite de 1 mes para contacto","MotivoNoAtencionId":4547,"Id":47135,"FechaRadicacion":"\/Date(1443675600000-0500)\/","FechaDesplazamiento":"\/Date(1434949200000-0500)\/","FechaDeclaracion":"\/Date(1437022800000-0500)\/","Horario":"TD","Fuente":"Personería","Regional":"Popayán","MunicipioAtencion":"Popayán","EnLinea":"No","TipoDeclarante":"Desplazado","PrimerApellido":"RUIZ","PrimerNombre":"ALIRIO","Identificacion":"16837671","TI":"Cédula de ciudadanía","Celular":"3214319486","Direccion":"BARRIO LAS VEGAS CARRERA 32 # 20 - 57","TFE":1},{"Elegibilidad":"No","FechaElegibilidad":"\/Date(1443675600000-0500)\/","Contactado":"Si","FechaContactado":"\/Date(1443675600000-0500)\/","Atendido":"No","MotivoNoAtencion":"Supero límite de 1 mes para contacto","MotivoNoAtencionId":4547,"Id":47136,"FechaRadicacion":"\/Date(1443675600000-0500)\/","FechaDesplazamiento":"\/Date(1434085200000-0500)\/","FechaDeclaracion":"\/Date(1439874000000-0500)\/","Horario":"TD","Fuente":"Procuraduría","Regional":"Popayán","MunicipioAtencion":"Popayán","EnLinea":"No","TipoDeclarante":"Desplazado","PrimerApellido":"JUAQUI ","SegundoApellido":"HOYOS","PrimerNombre":"RUBIRA","Identificacion":"34572989","TI":"Cédula de ciudadanía","Celular":"3207517402","Direccion":"EL UVO CALLE 20 # 71 31","TFE":3},{"Elegibilidad":"No","FechaElegibilidad":"\/Date(1443675600000-0500)\/","Atendido":"No","MotivoNoAtencion":"Supero límite de 1 mes para contacto","MotivoNoAtencionId":4547,"Id":47138,"FechaRadicacion":"\/Date(1443675600000-0500)\/","FechaDesplazamiento":"\/Date(1435467600000-0500)\/","FechaDeclaracion":"\/Date(1438059600000-0500)\/","Horario":"TD","Fuente":"Personería","Regional":"Popayán","MunicipioAtencion":"Popayán","EnLinea":"No","TipoDeclarante":"Desplazado","PrimerApellido":"RENZO","PrimerNombre":"CENAIDA","Identificacion":"1149435254","TI":"Cédula de ciudadanía","Celular":"3143467241","Direccion":"LOMAS DE GRANADA CALLE 2 D # 58 - 32","TFE":4},{"Elegibilidad":"No","FechaElegibilidad":"\/Date(1443675600000-0500)\/","Contactado":"No","FechaContactado":"\/Date(1443675600000-0500)\/","Atendido":"No","MotivoNoAtencion":"Supero límite de 1 mes para contacto","MotivoNoAtencionId":4547,"Id":47142,"FechaRadicacion":"\/Date(1443675600000-0500)\/","FechaDesplazamiento":"\/Date(1434949200000-0500)\/","FechaDeclaracion":"\/Date(1437109200000-0500)\/","Horario":"TD","Fuente":"Personería","Regional":"Popayán","MunicipioAtencion":"Popayán","EnLinea":"No","TipoDeclarante":"Desplazado","PrimerApellido":"BOJORGE","SegundoApellido":"RENGIFO","PrimerNombre":"JHON","SegundoNombre":"JAIRO","Identificacion":"1061757810","TI":"Cédula de ciudadanía","Celular":"3127541781","Direccion":"NUEVO MILENIO MANZANA 3 LOTE 56","TFE":1},{"Elegibilidad":"Si","FechaElegibilidad":"\/Date(1443675600000-0500)\/","Contactado":"Si","FechaContactado":"\/Date(1443762000000-0500)\/","Programado":"Si","FechaProgramado":"\/Date(1443675600000-0500)\/","Atendido":"Si","AsistioSegundaEntrega":"Si","Id":47145,"FechaRadicacion":"\/Date(1443675600000-0500)\/","FechaDesplazamiento":"\/Date(1435554000000-0500)\/","FechaDeclaracion":"\/Date(1437109200000-0500)\/","FechaAtencion":"\/Date(1443675600000-0500)\/","FechaSegundaEntrega":"\/Date(1444885200000-0500)\/","Horario":"AM","Grupo":"PP8-001","Fuente":"Personería","Regional":"Popayán","MunicipioAtencion":"Popayán","EnLinea":"No","TipoDeclarante":"Desplazado","PrimerApellido":"MONTENEGRO","PrimerNombre":"NELI","SegundoNombre":"GUTIERREZ","Identificacion":"25431884","TI":"Cédula de ciudadanía","Celular":"3017322015","Direccion":"VALLE DEL ORTIGAL APA 405","TFE":2,"TFR":2},{"Elegibilidad":"No","FechaElegibilidad":"\/Date(1443675600000-0500)\/","Contactado":"No","FechaContactado":"\/Date(1443675600000-0500)\/","Atendido":"No","MotivoNoAtencion":"Supero límite de 1 mes para contacto","MotivoNoAtencionId":4547,"Id":47148,"FechaRadicacion":"\/Date(1443675600000-0500)\/","FechaDesplazamiento":"\/Date(1439701200000-0500)\/","FechaDeclaracion":"\/Date(1439874000000-0500)\/","Horario":"TD","Fuente":"Procuraduría","Regional":"Popayán","MunicipioAtencion":"Popayán","EnLinea":"No","TipoDeclarante":"Desplazado","PrimerApellido":"CRUZ","SegundoApellido":"MOPAN","PrimerNombre":"REINALDO","Identificacion":"10585094","TI":"Cédula de ciudadanía","Celular":"3136552337","Direccion":"EL RECUERDO CARRERA 9 LOTE 10","TFE":1},{"Elegibilidad":"Si","FechaElegibilidad":"\/Date(1441342800000-0500)\/","Contactado":"Si","FechaContactado":"\/Date(1443675600000-0500)\/","Programado":"Si","FechaProgramado":"\/Date(1443675600000-0500)\/","Reprogramado":"Si","FechaReprogramado":"\/Date(1455771600000-0500)\/","Atendido":"Si","TipoReprogramacion":"Segunda entrega","AsistioSegundaEntrega":"Si","Id":47151,"FechaRadicacion":"\/Date(1443675600000-0500)\/","FechaDesplazamiento":"\/Date(1440392400000-0500)\/","FechaDeclaracion":"\/Date(1440651600000-0500)\/","FechaAtencion":"\/Date(1443675600000-0500)\/","FechaSegundaEntrega":"\/Date(1455771600000-0500)\/","Horario":"PM","Grupo":"PP8-002","Fuente":"Personería","Regional":"Popayán","MunicipioAtencion":"Popayán","EnLinea":"No","TipoDeclarante":"Desplazado","PrimerApellido":"LOPEZ ","SegundoApellido":"FERNANDEZ","PrimerNombre":"CRISTIAN ","Identificacion":"1061785355","TI":"Cédula de ciudadanía","Celular":"3145862260","Telefono":"3158731933(Hermana)","Direccion":"VEREDA EL AGRADO","TFE":1,"TFR":1},{"Elegibilidad":"No","FechaElegibilidad":"\/Date(1443675600000-0500)\/","Contactado":"No","FechaContactado":"\/Date(1443675600000-0500)\/","Atendido":"No","MotivoNoAtencion":"Supero límite de 1 mes para contacto","MotivoNoAtencionId":4547,"Id":47153,"FechaRadicacion":"\/Date(1443675600000-0500)\/","FechaDesplazamiento":"\/Date(1440478800000-0500)\/","FechaDeclaracion":"\/Date(1440651600000-0500)\/","Horario":"TD","Fuente":"Personería","Regional":"Popayán","MunicipioAtencion":"Popayán","EnLinea":"No","TipoDeclarante":"Desplazado","PrimerApellido":"CHILITO","PrimerNombre":"JOSE  ","SegundoNombre":"RUBERT ","Identificacion":"4752252","TI":"Cédula de ciudadanía","Celular":"3126291477","Direccion":"VEREDA PUELENJE LOTE 10","TFE":1},{"Elegibilidad":"Si","FechaElegibilidad":"\/Date(1441342800000-0500)\/","Contactado":"Si","FechaContactado":"\/Date(1443675600000-0500)\/","Programado":"Si","FechaProgramado":"\/Date(1443675600000-0500)\/","Atendido":"Si","AsistioSegundaEntrega":"Si","Id":47155,"FechaRadicacion":"\/Date(1443675600000-0500)\/","FechaDesplazamiento":"\/Date(1435294800000-0500)\/","FechaDeclaracion":"\/Date(1437454800000-0500)\/","FechaAtencion":"\/Date(1443675600000-0500)\/","FechaSegundaEntrega":"\/Date(1444885200000-0500)\/","Horario":"AM","Grupo":"PP8-001","Fuente":"Personería","Regional":"Popayán","MunicipioAtencion":"Popayán","EnLinea":"No","TipoDeclarante":"Desplazado","PrimerApellido":"VIVEROS","SegundoApellido":"CAMAYO","PrimerNombre":"MANUEL","SegundoNombre":"ARMANDO","Identificacion":"76322430","TI":"Cédula de ciudadanía","Celular":"3207368328","Telefono":"3122972087(GUILLERMO)","Direccion":"PORTAL DE SANTA MONICA LOTE 27","TFE":2,"TFR":2},{"Elegibilidad":"Si","FechaElegibilidad":"\/Date(1441342800000-0500)\/","Contactado":"Si","FechaContactado":"\/Date(1443675600000-0500)\/","Programado":"Si","FechaProgramado":"\/Date(1443675600000-0500)\/","Atendido":"Si","AsistioSegundaEntrega":"Si","Id":47160,"FechaRadicacion":"\/Date(1443675600000-0500)\/","FechaDesplazamiento":"\/Date(1434862800000-0500)\/","FechaDeclaracion":"\/Date(1437454800000-0500)\/","FechaAtencion":"\/Date(1443675600000-0500)\/","FechaSegundaEntrega":"\/Date(1444885200000-0500)\/","Horario":"AM","Grupo":"PP8-001","Fuente":"Personería","Regional":"Popayán","MunicipioAtencion":"Popayán","EnLinea":"No","TipoDeclarante":"Desplazado","PrimerApellido":"BENAVIDEZ","SegundoApellido":"GOMEZ","PrimerNombre":"DIEGO","SegundoNombre":"FERNANDO","Identificacion":"1058668080","TI":"Cédula de ciudadanía","Celular":"3122340589","Direccion":"EL MIRADOR CARRERA 30 A # 8 - 38","TFE":1,"TFR":1},{"Elegibilidad":"No","FechaElegibilidad":"\/Date(1443675600000-0500)\/","Contactado":"Si","FechaContactado":"\/Date(1443675600000-0500)\/","Atendido":"No","MotivoNoAtencion":"Fuera de la ciudad","MotivoNoAtencionId":1123,"Id":47161,"FechaRadicacion":"\/Date(1443675600000-0500)\/","FechaDesplazamiento":"\/Date(1440046800000-0500)\/","FechaDeclaracion":"\/Date(1440997200000-0500)\/","Horario":"TD","Fuente":"Personería","Regional":"Popayán","MunicipioAtencion":"Popayán","EnLinea":"No","TipoDeclarante":"Desplazado","PrimerApellido":"MUÑOZ ","SegundoApellido":"MARTINEZ","PrimerNombre":"AIDA ","SegundoNombre":"YOJANNA ","Identificacion":"1058965386","TI":"Cédula de ciudadanía","Celular":"3135138764","Direccion":"POMONA PARTE BAJA CASA 52","TFE":2},{"Elegibilidad":"Si","FechaElegibilidad":"\/Date(1441342800000-0500)\/","Contactado":"Si","FechaContactado":"\/Date(1443675600000-0500)\/","Programado":"Si","FechaProgramado":"\/Date(1443675600000-0500)\/","Atendido":"Si","AsistioSegundaEntrega":"Si","Id":47164,"FechaRadicacion":"\/Date(1443675600000-0500)\/","FechaDesplazamiento":"\/Date(1439442000000-0500)\/","FechaDeclaracion":"\/Date(1440997200000-0500)\/","FechaAtencion":"\/Date(1443675600000-0500)\/","FechaSegundaEntrega":"\/Date(1444885200000-0500)\/","Horario":"AM","Grupo":"PP8-001","Fuente":"Personería","Regional":"Popayán","MunicipioAtencion":"Popayán","EnLinea":"No","TipoDeclarante":"Desplazado","PrimerApellido":"MUÑOZ ","SegundoApellido":"BARCO","PrimerNombre":"LUDIVIA ","Identificacion":"1058787263","TI":"Cédula de ciudadanía","Celular":"3205510551","Direccion":"LOMAS DE GRANADA CR 54 # 4C 51","TFE":2,"TFR":2},{"Elegibilidad":"No","FechaElegibilidad":"\/Date(1443675600000-0500)\/","Contactado":"Si","FechaContactado":"\/Date(1441688400000-0500)\/","Programado":"Si","FechaProgramado":"\/Date(1442206800000-0500)\/","Atendido":"No","MotivoNoAtencion":"Supero límite de 1 mes para contacto","TipoReprogramacion":"Primera entrega","MotivoNoAtencionId":4547,"Id":47167,"FechaRadicacion":"\/Date(1443675600000-0500)\/","FechaDesplazamiento":"\/Date(1434258000000-0500)\/","FechaDeclaracion":"\/Date(1441083600000-0500)\/","Horario":"PM","Fuente":"Personería","Regional":"Popayán","MunicipioAtencion":"Popayán","EnLinea":"No","TipoDeclarante":"Desplazado","PrimerApellido":"CARABALI ","SegundoApellido":"BANGUERA","PrimerNombre":"EDINSON ","Identificacion":"1059448233","TI":"Cédula de ciudadanía","Celular":"3216519819","Direccion":"EL PORTON DEL RECUERDO SUR","TFE":1},{"Elegibilidad":"Si","FechaElegibilidad":"\/Date(1443934800000-0500)\/","Contactado":"Si","FechaContactado":"\/Date(1445490000000-0500)\/","Programado":"Si","FechaProgramado":"\/Date(1445922000000-0500)\/","Atendido":"Si","TipoReprogramacion":"Segunda entrega","AsistioSegundaEntrega":"No","Id":47170,"FechaRadicacion":"\/Date(1443675600000-0500)\/","FechaDesplazamiento":"\/Date(1436504400000-0500)\/","FechaDeclaracion":"\/Date(1438232400000-0500)\/","FechaAtencion":"\/Date(1445922000000-0500)\/","FechaSegundaEntrega":"\/Date(1447131600000-0500)\/","Horario":"AM","Grupo":"PP8-005","Fuente":"Personería","Regional":"Popayán","MunicipioAtencion":"Popayán","EnLinea":"No","TipoDeclarante":"Desplazado","PrimerApellido":"DIAZ","SegundoApellido":"PINTO","PrimerNombre":"TANIA   ","SegundoNombre":"YISETN","Identificacion":"1125411510","TI":"Cédula de ciudadanía","Celular":"3226516827","Direccion":"RETIRO ALTO","TFE":2,"TFR":2},{"Elegibilidad":"No","FechaElegibilidad":"\/Date(1443675600000-0500)\/","Contactado":"Si","FechaContactado":"\/Date(1443675600000-0500)\/","Atendido":"No","MotivoNoAtencion":"Supero límite de 1 mes para contacto","MotivoNoAtencionId":4547,"Id":47171,"FechaRadicacion":"\/Date(1443675600000-0500)\/","FechaDesplazamiento":"\/Date(1437800400000-0500)\/","FechaDeclaracion":"\/Date(1440478800000-0500)\/","Horario":"TD","Fuente":"Procuraduría","Regional":"Popayán","MunicipioAtencion":"Popayán","EnLinea":"No","TipoDeclarante":"Desplazado","PrimerApellido":"ORTEGA","SegundoApellido":"ORTEGA","PrimerNombre":"YONERIRA","SegundoNombre":"FERNANDA","Identificacion":"1059356436","TI":"Cédula de ciudadanía","Celular":"3168405112","Direccion":"REAL POMONA PRIMERA ETAPA CASA 20","TFE":3},{"Elegibilidad":"No","FechaElegibilidad":"\/Date(1443675600000-0500)\/","Contactado":"No","FechaContactado":"\/Date(1443675600000-0500)\/","Atendido":"No","MotivoNoAtencion":"Supero límite de 1 mes para contacto","MotivoNoAtencionId":4547,"Id":47182,"FechaRadicacion":"\/Date(1443675600000-0500)\/","FechaDesplazamiento":"\/Date(1437800400000-0500)\/","FechaDeclaracion":"\/Date(1438232400000-0500)\/","Horario":"TD","Fuente":"Personería","Regional":"Popayán","MunicipioAtencion":"Popayán","EnLinea":"No","TipoDeclarante":"Desplazado","PrimerApellido":" ITAS","SegundoApellido":"CRUZ","PrimerNombre":"CARLOS ","Identificacion":"1060986510","TI":"Cédula de ciudadanía","Celular":"3226685664","Direccion":"RECUERDO CRA 9 No. 29 - 135 LOTE 36","TFE":1},{"Elegibilidad":"Si","FechaElegibilidad":"\/Date(1441342800000-0500)\/","Contactado":"Si","FechaContactado":"\/Date(1443675600000-0500)\/","Programado":"Si","FechaProgramado":"\/Date(1443675600000-0500)\/","Atendido":"Si","AsistioSegundaEntrega":"Si","Id":47189,"FechaRadicacion":"\/Date(1443675600000-0500)\/","FechaDesplazamiento":"\/Date(1433566800000-0500)\/","FechaDeclaracion":"\/Date(1437627600000-0500)\/","FechaAtencion":"\/Date(1443675600000-0500)\/","FechaSegundaEntrega":"\/Date(1444885200000-0500)\/","Horario":"AM","Grupo":"PP8-001","Fuente":"Personería","Regional":"Popayán","MunicipioAtencion":"Popayán","EnLinea":"No","TipoDeclarante":"Desplazado","PrimerApellido":"MORCILLO","SegundoApellido":"MONTENEGRO","PrimerNombre":"JOSE","SegundoNombre":"ELVIO","Identificacion":"76236993","TI":"Cédula de ciudadanía","Celular":"3172735107","Telefono":"3224973428","Direccion":"QUINTA DE LA ESTANCIA CARRERA 45 No. 19 M 18","TFE":1,"TFR":1},{"Elegibilidad":"No","FechaElegibilidad":"\/Date(1443675600000-0500)\/","Contactado":"Si","FechaContactado":"\/Date(1441602000000-0500)\/","Programado":"Si","FechaProgramado":"\/Date(1441861200000-0500)\/","Atendido":"No","MotivoNoAtencion":"Supero límite de 1 mes para contacto","TipoReprogramacion":"Primera entrega","MotivoNoAtencionId":4547,"Id":47193,"FechaRadicacion":"\/Date(1443675600000-0500)\/","FechaDesplazamiento":"\/Date(1437195600000-0500)\/","FechaDeclaracion":"\/Date(1437454800000-0500)\/","Horario":"AM","Fuente":"Procuraduría","Regional":"Popayán","MunicipioAtencion":"Popayán","EnLinea":"Si","TipoDeclarante":"Desplazado","PrimerApellido":"ORDOÑEZ","PrimerNombre":"AURELIO ","Identificacion":"12193695","TI":"Cédula de ciudadanía","Celular":"3126459039  3162808241","Direccion":"LA PAZ - CALLE 71 A N # 5 - 57","TFE":2},{"Elegibilidad":"Si","FechaElegibilidad":"\/Date(1441342800000-0500)\/","Contactado":"Si","FechaContactado":"\/Date(1443675600000-0500)\/","Programado":"Si","FechaProgramado":"\/Date(1443675600000-0500)\/","Atendido":"Si","AsistioSegundaEntrega":"Si","Id":47194,"FechaRadicacion":"\/Date(1443675600000-0500)\/","FechaDesplazamiento":"\/Date(1437022800000-0500)\/","FechaDeclaracion":"\/Date(1437627600000-0500)\/","FechaAtencion":"\/Date(1443675600000-0500)\/","FechaSegundaEntrega":"\/Date(1444885200000-0500)\/","Horario":"AM","Grupo":"PP8-001","Fuente":"Personería","Regional":"Popayán","MunicipioAtencion":"Popayán","EnLinea":"No","TipoDeclarante":"Desplazado","PrimerApellido":"MARTINEZ","SegundoApellido":"JIMENEZ","PrimerNombre":"MARIA","SegundoNombre":"DEYSY","Identificacion":"1089905519","TI":"Cédula de ciudadanía","Celular":"3217484820","Direccion":"MIRADOR CRA 29 # 17 - 47","TFE":3,"TFR":3}]}