[{"Nombre":"2015100120160831","Periodo":"Q4","AnioMes":"201608","Regionales":[{"Nombre":"Popayán","Municipios":[{"Regional":"Popayán","Nombre":"Popayán","AniosMesesRadicacion":[{"Regional":"Popayán","Municipio":"Popayán","Nombre":"201510"},{"Regional":"Popayán","Municipio":"Popayán","Nombre":"201511"},{"Regional":"Popayán","Municipio":"Popayán","Nombre":"201512"},{"Regional":"Popayán","Municipio":"Popayán","Nombre":"201601"},{"Regional":"Popayán","Municipio":"Popayán","Nombre":"201602"},{"Regional":"Popayán","Municipio":"Popayán","Nombre":"201603"},{"Regional":"Popayán","Municipio":"Popayán","Nombre":"201604"},{"Regional":"Popayán","Municipio":"Popayán","Nombre":"201605"},{"Regional":"Popayán","Municipio":"Popayán","Nombre":"201606"},{"Regional":"Popayán","Municipio":"Popayán","Nombre":"201607"},{"Regional":"Popayán","Municipio":"Popayán","Nombre":"201608"}],"AniosMesesAtencion":[{"Regional":"Popayán","Municipio":"Popayán","Nombre":"201510"},{"Regional":"Popayán","Municipio":"Popayán","Nombre":"201511"},{"Regional":"Popayán","Municipio":"Popayán","Nombre":"201512"},{"Regional":"Popayán","Municipio":"Popayán","Nombre":"201601"},{"Regional":"Popayán","Municipio":"Popayán","Nombre":"201602"},{"Regional":"Popayán","Municipio":"Popayán","Nombre":"201603"},{"Regional":"Popayán","Municipio":"Popayán","Nombre":"201604"},{"Regional":"Popayán","Municipio":"Popayán","Nombre":"201605"},{"Regional":"Popayán","Municipio":"Popayán","Nombre":"201606"},{"Regional":"Popayán","Municipio":"Popayán","Nombre":"201607"},{"Regional":"Popayán","Municipio":"Popayán","Nombre":"201608"}]}]},{"Nombre":"Florencia","Municipios":[{"Regional":"Florencia","Nombre":"Florencia","AniosMesesRadicacion":[{"Regional":"Florencia","Municipio":"Florencia","Nombre":"201510"},{"Regional":"Florencia","Municipio":"Florencia","Nombre":"201511"},{"Regional":"Florencia","Municipio":"Florencia","Nombre":"201512"},{"Regional":"Florencia","Municipio":"Florencia","Nombre":"201601"},{"Regional":"Florencia","Municipio":"Florencia","Nombre":"201602"},{"Regional":"Florencia","Municipio":"Florencia","Nombre":"201603"},{"Regional":"Florencia","Municipio":"Florencia","Nombre":"201604"},{"Regional":"Florencia","Municipio":"Florencia","Nombre":"201605"},{"Regional":"Florencia","Municipio":"Florencia","Nombre":"201606"},{"Regional":"Florencia","Municipio":"Florencia","Nombre":"201607"},{"Regional":"Florencia","Municipio":"Florencia","Nombre":"201608"}],"AniosMesesAtencion":[{"Regional":"Florencia","Municipio":"Florencia","Nombre":"201510"},{"Regional":"Florencia","Municipio":"Florencia","Nombre":"201511"},{"Regional":"Florencia","Municipio":"Florencia","Nombre":"201512"},{"Regional":"Florencia","Municipio":"Florencia","Nombre":"201601"},{"Regional":"Florencia","Municipio":"Florencia","Nombre":"201602"},{"Regional":"Florencia","Municipio":"Florencia","Nombre":"201603"},{"Regional":"Florencia","Municipio":"Florencia","Nombre":"201604"},{"Regional":"Florencia","Municipio":"Florencia","Nombre":"201605"},{"Regional":"Florencia","Municipio":"Florencia","Nombre":"201606"},{"Regional":"Florencia","Municipio":"Florencia","Nombre":"201607"},{"Regional":"Florencia","Municipio":"Florencia","Nombre":"201608"}]}]}],"Municipios":["Popayán","Florencia"],"Texto":"Q4 201608","Fecha_RadicacionGreaterThanOrEqualTo":"\/Date(1443675600000-0000)\/","Fecha_RadicacionLessThanOrEqualTo":"\/Date(1472619600000-0000)\/"},{"Nombre":"2015100120160731","Periodo":"Q4","AnioMes":"201607","Regionales":[{"Nombre":"Popayán","Municipios":[{"Regional":"Popayán","Nombre":"Popayán","AniosMesesRadicacion":[{"Regional":"Popayán","Municipio":"Popayán","Nombre":"201510"},{"Regional":"Popayán","Municipio":"Popayán","Nombre":"201511"},{"Regional":"Popayán","Municipio":"Popayán","Nombre":"201512"},{"Regional":"Popayán","Municipio":"Popayán","Nombre":"201601"},{"Regional":"Popayán","Municipio":"Popayán","Nombre":"201602"},{"Regional":"Popayán","Municipio":"Popayán","Nombre":"201603"},{"Regional":"Popayán","Municipio":"Popayán","Nombre":"201604"},{"Regional":"Popayán","Municipio":"Popayán","Nombre":"201605"},{"Regional":"Popayán","Municipio":"Popayán","Nombre":"201606"},{"Regional":"Popayán","Municipio":"Popayán","Nombre":"201607"}],"AniosMesesAtencion":[{"Regional":"Popayán","Municipio":"Popayán","Nombre":"201510"},{"Regional":"Popayán","Municipio":"Popayán","Nombre":"201511"},{"Regional":"Popayán","Municipio":"Popayán","Nombre":"201512"},{"Regional":"Popayán","Municipio":"Popayán","Nombre":"201601"},{"Regional":"Popayán","Municipio":"Popayán","Nombre":"201602"},{"Regional":"Popayán","Municipio":"Popayán","Nombre":"201603"},{"Regional":"Popayán","Municipio":"Popayán","Nombre":"201604"},{"Regional":"Popayán","Municipio":"Popayán","Nombre":"201605"},{"Regional":"Popayán","Municipio":"Popayán","Nombre":"201606"},{"Regional":"Popayán","Municipio":"Popayán","Nombre":"201607"}]}]},{"Nombre":"Florencia","Municipios":[{"Regional":"Florencia","Nombre":"Florencia","AniosMesesRadicacion":[{"Regional":"Florencia","Municipio":"Florencia","Nombre":"201510"},{"Regional":"Florencia","Municipio":"Florencia","Nombre":"201511"},{"Regional":"Florencia","Municipio":"Florencia","Nombre":"201512"},{"Regional":"Florencia","Municipio":"Florencia","Nombre":"201601"},{"Regional":"Florencia","Municipio":"Florencia","Nombre":"201602"},{"Regional":"Florencia","Municipio":"Florencia","Nombre":"201603"},{"Regional":"Florencia","Municipio":"Florencia","Nombre":"201604"},{"Regional":"Florencia","Municipio":"Florencia","Nombre":"201605"},{"Regional":"Florencia","Municipio":"Florencia","Nombre":"201606"},{"Regional":"Florencia","Municipio":"Florencia","Nombre":"201607"}],"AniosMesesAtencion":[{"Regional":"Florencia","Municipio":"Florencia","Nombre":"201510"},{"Regional":"Florencia","Municipio":"Florencia","Nombre":"201511"},{"Regional":"Florencia","Municipio":"Florencia","Nombre":"201512"},{"Regional":"Florencia","Municipio":"Florencia","Nombre":"201601"},{"Regional":"Florencia","Municipio":"Florencia","Nombre":"201602"},{"Regional":"Florencia","Municipio":"Florencia","Nombre":"201603"},{"Regional":"Florencia","Municipio":"Florencia","Nombre":"201604"},{"Regional":"Florencia","Municipio":"Florencia","Nombre":"201605"},{"Regional":"Florencia","Municipio":"Florencia","Nombre":"201606"},{"Regional":"Florencia","Municipio":"Florencia","Nombre":"201607"}]}]}],"Municipios":["Popayán","Florencia"],"Texto":"Q4 201607","Fecha_RadicacionGreaterThanOrEqualTo":"\/Date(1446267600000-0500)\/","Fecha_RadicacionLessThanOrEqualTo":"\/Date(1469941200000-0500)\/"},{"Nombre":"2015100120160630","Periodo":"Q3","AnioMes":"201606","Regionales":[{"Nombre":"Popayán","Municipios":[{"Regional":"Popayán","Nombre":"Popayán","AniosMesesRadicacion":[{"Regional":"Popayán","Municipio":"Popayán","Nombre":"201510"},{"Regional":"Popayán","Municipio":"Popayán","Nombre":"201511"},{"Regional":"Popayán","Municipio":"Popayán","Nombre":"201512"},{"Regional":"Popayán","Municipio":"Popayán","Nombre":"201601"},{"Regional":"Popayán","Municipio":"Popayán","Nombre":"201602"},{"Regional":"Popayán","Municipio":"Popayán","Nombre":"201603"},{"Regional":"Popayán","Municipio":"Popayán","Nombre":"201604"},{"Regional":"Popayán","Municipio":"Popayán","Nombre":"201605"},{"Regional":"Popayán","Municipio":"Popayán","Nombre":"201606"}],"AniosMesesAtencion":[{"Regional":"Popayán","Municipio":"Popayán","Nombre":"201510"},{"Regional":"Popayán","Municipio":"Popayán","Nombre":"201511"},{"Regional":"Popayán","Municipio":"Popayán","Nombre":"201512"},{"Regional":"Popayán","Municipio":"Popayán","Nombre":"201601"},{"Regional":"Popayán","Municipio":"Popayán","Nombre":"201602"},{"Regional":"Popayán","Municipio":"Popayán","Nombre":"201603"},{"Regional":"Popayán","Municipio":"Popayán","Nombre":"201604"},{"Regional":"Popayán","Municipio":"Popayán","Nombre":"201605"},{"Regional":"Popayán","Municipio":"Popayán","Nombre":"201606"},{"Regional":"Popayán","Municipio":"Popayán","Nombre":"201607"}]}]},{"Nombre":"Florencia","Municipios":[{"Regional":"Florencia","Nombre":"Florencia","AniosMesesRadicacion":[{"Regional":"Florencia","Municipio":"Florencia","Nombre":"201510"},{"Regional":"Florencia","Municipio":"Florencia","Nombre":"201511"},{"Regional":"Florencia","Municipio":"Florencia","Nombre":"201512"},{"Regional":"Florencia","Municipio":"Florencia","Nombre":"201601"},{"Regional":"Florencia","Municipio":"Florencia","Nombre":"201602"},{"Regional":"Florencia","Municipio":"Florencia","Nombre":"201603"},{"Regional":"Florencia","Municipio":"Florencia","Nombre":"201604"},{"Regional":"Florencia","Municipio":"Florencia","Nombre":"201605"},{"Regional":"Florencia","Municipio":"Florencia","Nombre":"201606"}],"AniosMesesAtencion":[{"Regional":"Florencia","Municipio":"Florencia","Nombre":"201510"},{"Regional":"Florencia","Municipio":"Florencia","Nombre":"201511"},{"Regional":"Florencia","Municipio":"Florencia","Nombre":"201512"},{"Regional":"Florencia","Municipio":"Florencia","Nombre":"201601"},{"Regional":"Florencia","Municipio":"Florencia","Nombre":"201602"},{"Regional":"Florencia","Municipio":"Florencia","Nombre":"201603"},{"Regional":"Florencia","Municipio":"Florencia","Nombre":"201604"},{"Regional":"Florencia","Municipio":"Florencia","Nombre":"201605"},{"Regional":"Florencia","Municipio":"Florencia","Nombre":"201606"},{"Regional":"Florencia","Municipio":"Florencia","Nombre":"201607"}]}]}],"Municipios":["Popayán","Florencia"],"Texto":"Q3 201606","Fecha_RadicacionGreaterThanOrEqualTo":"\/Date(1446267600000-0500)\/","Fecha_RadicacionLessThanOrEqualTo":"\/Date(1467262800000-0500)\/"}]